item,sentence,rating
1,Dust settled on the camera [lens].,
2,They hiked across the [flat] plain.,
3,The cows grazed in the [field].,
4,Petals [floated] on the pond.,
5,A [thread] of irony runs through the memoir.,
6,A spider spun its [web] in the doorway.,
7,She [steered] the truck around the crater.,
8,Patience is the [key] to teaching.,
9,He steadied the [ladder] against the gutter.,
10,The grocer [weighed] the plums on a brass scale.,
11,She has a [sharp] mind for numbers.,
12,She needed a week to [digest] the verdict.,
13,The hammer [struck] the chisel squarely.,
14,She [wove] the reeds into a basket.,
15,The firm [harvested] data from its users.,
16,They fished in the [clear] water.,
17,Trust is the [foundation] of any alliance.,
18,The milk smelled [sour] by morning.,
19,The clown [juggled] five oranges.,
20,His humor was [dry] and unsparing.,
21,The verdict raised a [storm] of protest.,
22,The ruling was an [echo] of older prejudice.,
23,His faith served as his moral [compass].,
24,He wore a [thin] jacket in the snow.,
25,The medicine left a [bitter] taste.,
26,A [stream] of complaints reached the office.,
27,The lawyer built a [solid] argument.,
28,The candle [flame] guttered in the draft.,
29,The crew [harvested] wheat before the rain.,
30,He [chewed] on the offer overnight.,
31,He was caught in a [web] of lies.,
32,They ducked under the [low] beam.,
33,He sanded the [rough] plank.,
34,The apology was a [step] toward peace.,
35,Objections [rose] from every faction.,
36,The pond [froze] solid by December.,
37,She [cut] the melon into wedges.,
38,The insult was the [spark] for the riot.,
39,The divers explored the [deep] trench.,
40,The team sets [high] standards for itself.,
41,The election was a [mirror] of the nation's fears.,
42,The [key] stuck in the rusty lock.,
43,The witness gave [slippery] answers.,
44,Victory over their rivals was [sweet].,
45,The [court] dismissed the appeal.,
46,She gave him a [cold] reply.,
47,The party [pulled] its support from the bill.,
48,He [swallowed] his pride and apologized.,
49,Paint peeled from the kitchen [ceiling].,
50,Congress [froze] the agency's funding.,
51,The [current] dragged the canoe downstream.,
52,The committee faced a [hard] decision.,
53,The board [cut] the training budget.,
54,The lawyer [planted] doubt in the jury.,
55,The joke fell [flat] at the funeral.,
56,His question set the [frame] for the discussion.,
57,The hiker checked her [compass] at the fork.,
58,She felt the [weight] of the decision.,
59,Donations [flowed] after the appeal.,
60,A [current] of resentment ran through the debate.,
61,The terrier [dug] a hole under the fence.,
62,The government [fell] after the scandal.,
63,The eagle circled the [high] cliffs.,
64,The sun dipped below the [horizon].,
65,Prices [climbed] throughout the shortage.,
66,The editorial page [leaned] toward reform.,
67,She had a [bright] future in medicine.,
68,The novel deals with [heavy] themes.,
69,She pressed each [seed] into the soil.,
70,The insult [burned] in his memory.,
71,He waded into the [cold] river.,
72,They shared a [deep] commitment to justice.,
73,She wrapped the [fragile] vase in cloth.,
74,She pulled a loose [thread] from the hem.,
75,The senator took a [soft] stance on tariffs.,
76,She views the past through a [filter] of regret.,
77,The bench was carved from [solid] oak.,
78,She wiped steam from the bathroom [mirror].,
79,They squeezed through a [narrow] alley.,
80,She packed a [light] suitcase for the trip.,
81,The boys [climbed] the water tower at dusk.,
82,The cows [chewed] their cud in the shade.,
83,The mango was [sweet] and dripping.,
84,The raft [drifted] toward the reeds.,
85,Routine was the [anchor] of his recovery.,
86,The dean [bent] the rules for her.,
87,They sat by the [warm] stove.,
88,The coach [built] trust within the squad.,
89,Morale in the office was [low] all winter.,
90,A [spark] leapt from the campfire.,
91,The divorce turned [bitter] within weeks.,
92,The lecture [drifted] from its topic.,
93,She painted the front [door] red.,
94,The chair [steered] the meeting toward a vote.,
95,The article offered a [shallow] analysis.,
96,The investors were [cool] to the proposal.,
97,The scale showed the [weight] of the flour.,
98,The porters [carried] crates up the gangway.,
99,The inheritance raised a [sticky] question.,
100,Greed is the [root] of the scandal.,
101,The [flame] of rebellion spread through the province.,
102,He [held] the ladder while she climbed.,
103,The owl nested in a [hollow] trunk.,
104,Ripe apples [fell] into the wet grass.,
105,She [swallowed] the pill with water.,
106,Congress checks the executive [branch].,
107,The sponge [absorbed] the spilled wine.,
108,The tiles were [slippery] after the rain.,
109,The [road] to reform is long.,
110,She works in the [field] of epidemiology.,
111,The gymnast kept her [balance] on the beam.,
112,She climbed the corporate [ladder] quickly.,
113,He [shouldered] the duffel and boarded the bus.,
114,She [shouldered] the blame for the collapse.,
115,His claim [stretched] the truth.,
116,The lecture was [dull] beyond endurance.,
117,They mopped the warehouse [floor].,
118,She [broke] her promise within a week.,
119,Cracks spread through the concrete [foundation].,
120,Gravel crunched on the mountain [road].,
121,The film explored the [dark] side of fame.,
122,A [bright] lamp lit the workbench.,
123,The axe was too [blunt] to split kindling.,
124,The evidence against her was [thin].,
125,The butter [melted] in the skillet.,
126,Trucks rumbled across the steel [bridge].,
127,He lifted the [heavy] crate onto the truck.,
128,The eulogy [touched] everyone present.,
129,They [pushed] the stalled car off the road.,
130,Their partnership went [sour] over money.,
131,He [runs] along the canal every morning.,
132,Reporters [dug] into the senator's finances.,
133,Her testimony [carried] great weight.,
134,She [juggled] two jobs and a thesis.,
135,The idea [struck] her as absurd.,
136,Smoke [rose] from the chimney.,
137,A [wave] of nostalgia swept the crowd.,
138,Her resistance [melted] at his apology.,
139,She [grasped] the rope with both hands.,
140,The oxen [pulled] the plow through clay.,
141,His apology rang [hollow] to everyone.,
142,The pig dug up a gnarled [root].,
143,The skiff [sank] in the squall.,
144,The potter [spun] the wheel with one foot.,
145,She gave a [clear] explanation of the rules.,
146,They opened a [channel] for negotiations.,
147,The pilot [navigated] the shoals at low tide.,
148,He hit a [wall] in the negotiations.,
149,The kitten slept on a [soft] blanket.,
150,The shovel [leaned] against the shed.,
151,The bottom [step] creaked underfoot.,
152,She [grasped] the argument at once.,
153,The river is [broad] near its mouth.,
154,Her assessment was [blunt] but fair.,
155,The cellar stays [cool] in summer.,
156,She [held] a controversial opinion.,
157,The firewood must stay [dry] all winter.,
158,Use a [sharp] knife to slice the onions.,
159,The scholarship opened a [door] for her.,
160,The children splashed in the [shallow] end.,
161,She chose an unusual [path] to power.,
162,He rinsed the coffee [filter].,
163,The board [floated] a merger proposal.,
164,The workers drilled through [hard] rock.,
165,She [stretched] the canvas over the frame.,
166,The oak cast a long [shadow] on the lawn.,
167,They sketched a [rough] plan for the merger.,
168,They kept the conversation [light] at dinner.,
169,From the ridge you can [see] the harbor.,
170,The visitors received a [warm] welcome.,
171,She [navigated] the visa bureaucracy with ease.,
172,New treatments appeared on the [horizon].,
173,The union negotiated a [floor] for wages.,
174,The author [wove] grief into the comedy.,
175,Now I [see] why the plan failed.,
176,Honey left the counter [sticky].,
177,The union [pushed] for shorter shifts.,
178,He [broke] a window with the ball.,
179,Ivy covered the garden [wall].,
180,The law imposes a [ceiling] on donations.,
181,The anchor hung from a rusted [chain].,
182,They [planted] tomatoes along the fence.,
183,She [runs] a small accounting firm.,
184,The [storm] flattened the barley.,
185,The [path] wound through the birches.,
186,His heart [sank] at the news.,
187,The [dull] blade tore the bread.,
188,The toast [burned] under the broiler.,
189,The handover was [smooth] despite the deadline.,
190,The summit built a [bridge] between the parties.,
191,The law grants [broad] powers to inspectors.,
192,They [built] a cabin from salvaged timber.,
193,Meltwater [flowed] down the gully.,
194,An [echo] bounced off the canyon walls.,
195,The players swept rain from the [court].,
196,He [bent] the wire into a hook.,
197,The pebbles were [smooth] from the surf.,
198,The startup [absorbed] heavy losses.,
199,The aides [spun] the defeat as progress.,
200,A [wave] crashed over the seawall.,
201,The court took a [narrow] reading of the statute.,
202,The historian reads the war through the [lens] of economics.,
203,The ceasefire remained [fragile] all spring.,
204,The judge [weighed] the competing claims.,
205,A [chain] of errors doomed the mission.,
206,Trout hovered in the cold [stream].,
207,The rumor planted a [seed] of doubt.,
208,She [touched] the marble with her fingertips.,
209,He lived in the [shadow] of his famous brother.,
210,The dredger deepened the shipping [channel].,
211,The photo sat in a walnut [frame].,
212,A sparrow landed on the swaying [branch].,
213,They stumbled down a [dark] hallway.,
214,The treaty preserved the [balance] of power.,
215,Snakes [digest] their prey slowly.,
216,The crew winched the [anchor] aboard.,
